Workbook

Sheet 手入力_フォワード
A1: 月(YYYY-MM) | B1: 取得日(月内代表日) | C1: スポットS(¥/$) | D1: 3M фwdポイント(銭) | E1: 出所 | F1: 米3M金利%(i_USD) | G1: 円3M金利%(i_JPY) | H1: 金利出所 | I1: 優先 | J1: メモ
A2: 2016-09 | I2: 第1 | J2: 米MMF改革でベーシス構造拡大
A3: 2016-10 | I3: 第1
A4: 2016-11 | I4: 第1
A5: 2016-12 | I5: 第1 | J5: 年末ターン+12月利上げ
A6: 2018-12 | I6: 第1 | J6: 四半期末ドル逼迫(著名)
A7: 2020-03 | I7: 第1 | J7: COVIDドル危機(−100bp超級の可能性)
A8: 2020-04 | I8: 第1 | J8: COVID余波
A9: 2022-09 | I9: 第2
A10: 2022-10 | I10: 第2 | J10: 英ギルト危機+介入
A11: 2022-11 | I11: 第2
A12: 2024-07 | I12: 第2
A13: 2024-08 | I13: 第2 | J13: キャリー巻戻し(ベーシスは静かだった検証)

Sheet 自動計算_ベーシス
A1: 月 | B1: S | C1: fwdポイント(銭) | D1: F=S+pt/100 | E1: i_USD% | F1: i_JPY% | G1: スワップ含意ドル金利% | H1: CIP理論金利差% | I1: ベーシスbp | J1: 区分
A2: =手入力_フォワード!A2 -> 2016-09 | B2: =手入力_フォワード!C2 -> 0 | C2: =手入力_フォワード!D2 -> 0 | D2: =IF(OR(B2="",C2=""),"",B2+C2/100) | E2: =手入力_フォワード!F2 -> 0 | F2: =手入力_フォワード!G2 -> 0 | G2: =IF(OR(D2="",B2=""),"",F2+ (D2/B2-1)*400) | H2: =IF(E2="","",E2-F2) | I2: =IF(OR(G2="",E2=""),"",(G2-E2)*100) | J2: =IF(I2="","",IF(I2<=-200,"危機",IF(I2<=-80,"ストレス","")))
A3: =手入力_フォワード!A3 -> 2016-10 | B3: =手入力_フォワード!C3 -> 0 | C3: =手入力_フォワード!D3 -> 0 | D3: =IF(OR(B3="",C3=""),"",B3+C3/100) | E3: =手入力_フォワード!F3 -> 0 | F3: =手入力_フォワード!G3 -> 0 | G3: =IF(OR(D3="",B3=""),"",F3+ (D3/B3-1)*400) | H3: =IF(E3="","",E3-F3) | I3: =IF(OR(G3="",E3=""),"",(G3-E3)*100) | J3: =IF(I3="","",IF(I3<=-200,"危機",IF(I3<=-80,"ストレス","")))
A4: =手入力_フォワード!A4 -> 2016-11 | B4: =手入力_フォワード!C4 -> 0 | C4: =手入力_フォワード!D4 -> 0 | D4: =IF(OR(B4="",C4=""),"",B4+C4/100) | E4: =手入力_フォワード!F4 -> 0 | F4: =手入力_フォワード!G4 -> 0 | G4: =IF(OR(D4="",B4=""),"",F4+ (D4/B4-1)*400) | H4: =IF(E4="","",E4-F4) | I4: =IF(OR(G4="",E4=""),"",(G4-E4)*100) | J4: =IF(I4="","",IF(I4<=-200,"危機",IF(I4<=-80,"ストレス","")))
A5: =手入力_フォワード!A5 -> 2016-12 | B5: =手入力_フォワード!C5 -> 0 | C5: =手入力_フォワード!D5 -> 0 | D5: =IF(OR(B5="",C5=""),"",B5+C5/100) | E5: =手入力_フォワード!F5 -> 0 | F5: =手入力_フォワード!G5 -> 0 | G5: =IF(OR(D5="",B5=""),"",F5+ (D5/B5-1)*400) | H5: =IF(E5="","",E5-F5) | I5: =IF(OR(G5="",E5=""),"",(G5-E5)*100) | J5: =IF(I5="","",IF(I5<=-200,"危機",IF(I5<=-80,"ストレス","")))
A6: =手入力_フォワード!A6 -> 2018-12 | B6: =手入力_フォワード!C6 -> 0 | C6: =手入力_フォワード!D6 -> 0 | D6: =IF(OR(B6="",C6=""),"",B6+C6/100) | E6: =手入力_フォワード!F6 -> 0 | F6: =手入力_フォワード!G6 -> 0 | G6: =IF(OR(D6="",B6=""),"",F6+ (D6/B6-1)*400) | H6: =IF(E6="","",E6-F6) | I6: =IF(OR(G6="",E6=""),"",(G6-E6)*100) | J6: =IF(I6="","",IF(I6<=-200,"危機",IF(I6<=-80,"ストレス","")))
A7: =手入力_フォワード!A7 -> 2020-03 | B7: =手入力_フォワード!C7 -> 0 | C7: =手入力_フォワード!D7 -> 0 | D7: =IF(OR(B7="",C7=""),"",B7+C7/100) | E7: =手入力_フォワード!F7 -> 0 | F7: =手入力_フォワード!G7 -> 0 | G7: =IF(OR(D7="",B7=""),"",F7+ (D7/B7-1)*400) | H7: =IF(E7="","",E7-F7) | I7: =IF(OR(G7="",E7=""),"",(G7-E7)*100) | J7: =IF(I7="","",IF(I7<=-200,"危機",IF(I7<=-80,"ストレス","")))
A8: =手入力_フォワード!A8 -> 2020-04 | B8: =手入力_フォワード!C8 -> 0 | C8: =手入力_フォワード!D8 -> 0 | D8: =IF(OR(B8="",C8=""),"",B8+C8/100) | E8: =手入力_フォワード!F8 -> 0 | F8: =手入力_フォワード!G8 -> 0 | G8: =IF(OR(D8="",B8=""),"",F8+ (D8/B8-1)*400) | H8: =IF(E8="","",E8-F8) | I8: =IF(OR(G8="",E8=""),"",(G8-E8)*100) | J8: =IF(I8="","",IF(I8<=-200,"危機",IF(I8<=-80,"ストレス","")))
A9: =手入力_フォワード!A9 -> 2022-09 | B9: =手入力_フォワード!C9 -> 0 | C9: =手入力_フォワード!D9 -> 0 | D9: =IF(OR(B9="",C9=""),"",B9+C9/100) | E9: =手入力_フォワード!F9 -> 0 | F9: =手入力_フォワード!G9 -> 0 | G9: =IF(OR(D9="",B9=""),"",F9+ (D9/B9-1)*400) | H9: =IF(E9="","",E9-F9) | I9: =IF(OR(G9="",E9=""),"",(G9-E9)*100) | J9: =IF(I9="","",IF(I9<=-200,"危機",IF(I9<=-80,"ストレス","")))
A10: =手入力_フォワード!A10 -> 2022-10 | B10: =手入力_フォワード!C10 -> 0 | C10: =手入力_フォワード!D10 -> 0 | D10: =IF(OR(B10="",C10=""),"",B10+C10/100) | E10: =手入力_フォワード!F10 -> 0 | F10: =手入力_フォワード!G10 -> 0 | G10: =IF(OR(D10="",B10=""),"",F10+ (D10/B10-1)*400) | H10: =IF(E10="","",E10-F10) | I10: =IF(OR(G10="",E10=""),"",(G10-E10)*100) | J10: =IF(I10="","",IF(I10<=-200,"危機",IF(I10<=-80,"ストレス","")))
A11: =手入力_フォワード!A11 -> 2022-11 | B11: =手入力_フォワード!C11 -> 0 | C11: =手入力_フォワード!D11 -> 0 | D11: =IF(OR(B11="",C11=""),"",B11+C11/100) | E11: =手入力_フォワード!F11 -> 0 | F11: =手入力_フォワード!G11 -> 0 | G11: =IF(OR(D11="",B11=""),"",F11+ (D11/B11-1)*400) | H11: =IF(E11="","",E11-F11) | I11: =IF(OR(G11="",E11=""),"",(G11-E11)*100) | J11: =IF(I11="","",IF(I11<=-200,"危機",IF(I11<=-80,"ストレス","")))
A12: =手入力_フォワード!A12 -> 2024-07 | B12: =手入力_フォワード!C12 -> 0 | C12: =手入力_フォワード!D12 -> 0 | D12: =IF(OR(B12="",C12=""),"",B12+C12/100) | E12: =手入力_フォワード!F12 -> 0 | F12: =手入力_フォワード!G12 -> 0 | G12: =IF(OR(D12="",B12=""),"",F12+ (D12/B12-1)*400) | H12: =IF(E12="","",E12-F12) | I12: =IF(OR(G12="",E12=""),"",(G12-E12)*100) | J12: =IF(I12="","",IF(I12<=-200,"危機",IF(I12<=-80,"ストレス","")))
A13: =手入力_フォワード!A13 -> 2024-08 | B13: =手入力_フォワード!C13 -> 0 | C13: =手入力_フォワード!D13 -> 0 | D13: =IF(OR(B13="",C13=""),"",B13+C13/100) | E13: =手入力_フォワード!F13 -> 0 | F13: =手入力_フォワード!G13 -> 0 | G13: =IF(OR(D13="",B13=""),"",F13+ (D13/B13-1)*400) | H13: =IF(E13="","",E13-F13) | I13: =IF(OR(G13="",E13=""),"",(G13-E13)*100) | J13: =IF(I13="","",IF(I13<=-200,"危機",IF(I13<=-80,"ストレス","")))

Sheet 手順
A1: 案B フォワード手取得 手順
A3: ステップ | B3: 内容
A4: 1. フォワードポイント | B4: investing.com → USD/JPY → "Forward Rates"、またはFXEmpire同等ページ。tenor=3Mの行のbid/ask中値を読む。単位を銭(0.01円)に統一。例:1.80円ディスカウント= -180銭。月内の代表日(四半期末月は月末営業日、それ以外は月中)で1点取れば十分。
A5: 2. スポット | B5: 同じ画面のスポット、または手元の日銀スポットの同日値。¥/$。
A6: 3. 米3M金利 | B6: FRED DGS3MO (https://fred.stlouisfed.org/series/DGS3MO) の同日値%。2018年以降はSOFR90DAYAVGでも可。
A7: 4. 円3M金利 | B7: 全銀協 TIBOR 3カ月 (https://www.jbatibor.or.jp) または日銀TONA。マイナス金利期(2016/2〜2024)は負値のまま入力。
A8: 5. 入力 | B8: 「手入力_フォワード」の黄色セルに5項目を記入。行は追加してよい(第2優先や任意月)。
A9: 6. 自動計算 | B9: 「自動計算_ベーシス」がbpと区分を自動算出。−80以深で"ストレス"点灯。
A10: 7. 反映 | B10: 算出されたbp/区分を本体 yen_grid_daily.xlsx の該当月「XCCYベーシス3M」列へ転記(または当方へ戻せば統合)。
A12: 優先月(第1) | B12: 2016-09,10,11,12 / 2018-12 / 2020-03,04 ← ドル調達ストレスが実際に起きた本丸
A13: 優先月(第2) | B13: 2022-09,10,11 / 2024-07,08 ← 円ボラ高だがベーシスは静かだった可能性の検証(非点灯確認に価値)
A14: 精度の注意 | B14: 本式はAct/365の簡易CIP。水準はBloomberg JYBS3と数bpずれるが、−80bp級の点灯判定には十分。bpの絶対値を論文等で使うなら端末値で裏取りを。
A15: 符号の注意 | B15: ドル円ベーシスは通常マイナス(ドル調達割高)。プラスに出たら符号・単位(銭の正負)を再確認。
